Dimension,Elapsed_Time,log(Z)
2,1.23388671875,-3.678109533637829,+/-,0.14592508585812053
3,8.27348780632019,-7.0749866172652105,+/-,0.20312678798827113
