Dimension,Elapsed_Time,log(Z)
2,0.7379002571105957,-3.7030366802373558,+/-,0.14648194349182958
3,1.6737618446350098,-6.974129787111202,+/-,0.2019430131980327
4,11.000197887420654,-10.452501709006224,+/-,0.24368836414957878
5,80.98072266578674,-13.705595293998586,+/-,0.27825564981112716
6,455.5394821166992,-17.291745951625607,+/-,0.3009096163597544
